{
  "precision": [
    0.4,
    0.47058823529411764,
    0.5,
    0.6666666666666666,
    0.7,
    1.0
  ],
  "recall": [
    1.0,
    1.0,
    1.0,
    1.0,
    0.875,
    0.0
  ],
  "thresholds": [
    0.0,
    0.1,
    0.15,
    0.81,
    0.85
  ]
}