{
  "precision": [
    0.4,
    0.5714285714285714,
    0.6153846153846154,
    0.6666666666666666,
    0.7272727272727273,
    1.0,
    1.0,
    1.0,
    1.0
  ],
  "recall": [
    1.0,
    1.0,
    1.0,
    1.0,
    1.0,
    1.0,
    0.5,
    0.25,
    0.0
  ],
  "thresholds": [
    0.0,
    0.1,
    0.15,
    0.27,
    0.63,
    0.81,
    0.95,
    1.0
  ]
}