{
  "fpr": [
    0.0,
    0.25,
    0.3333333333333333,
    0.6666666666666666,
    0.75,
    1.0
  ],
  "tpr": [
    0.0,
    0.875,
    1.0,
    1.0,
    1.0,
    1.0
  ],
  "thresholds": [
    Infinity,
    0.85,
    0.81,
    0.15,
    0.1,
    0.0
  ]
}