{
  "precision": [
    0.4,
    0.5714285714285714,
    0.8,
    0.8888888888888888,
    1.0,
    1.0,
    1.0
  ],
  "recall": [
    1.0,
    1.0,
    1.0,
    1.0,
    1.0,
    0.625,
    0.0
  ],
  "thresholds": [
    0.0,
    0.1,
    0.81,
    0.85,
    0.95,
    1.0
  ]
}