{
  "precision": [
    0.4,
    0.6666666666666666,
    0.7272727272727273,
    1.0
  ],
  "recall": [
    1.0,
    1.0,
    1.0,
    0.0
  ],
  "thresholds": [
    0.0,
    0.1,
    0.81
  ]
}