{
  "precision": [
    0.2747385358004827,
    0.4115622849277357,
    0.5313725490196078,
    0.5383084577114428,
    0.5421686746987951,
    0.5417085427135678,
    0.5451745379876797,
    0.6586921850079744,
    0.6754966887417219,
    1.0
  ],
  "recall": [
    1.0,
    0.8755490483162518,
    0.7935578330893118,
    0.7920937042459737,
    0.7906295754026355,
    0.7891654465592972,
    0.7774524158125915,
    0.6046852122986823,
    0.2986822840409956,
    0.0
  ],
  "thresholds": [
    0.0,
    0.1,
    0.63,
    0.65,
    0.75,
    0.81,
    0.85,
    0.95,
    1.0
  ]
}