{
  "fpr": [
    0.0,
    0.05435385468663339,
    0.11869107043815863,
    0.2457016084303938,
    0.2529118136439268,
    0.2529118136439268,
    0.25734886300610094,
    0.2651136993899057,
    0.47420965058236275,
    1.0
  ],
  "tpr": [
    0.0,
    0.2986822840409956,
    0.6046852122986823,
    0.7774524158125915,
    0.7891654465592972,
    0.7906295754026355,
    0.7920937042459737,
    0.7935578330893118,
    0.8755490483162518,
    1.0
  ],
  "thresholds": [
    Infinity,
    1.0,
    0.95,
    0.85,
    0.81,
    0.75,
    0.65,
    0.63,
    0.1,
    0.0
  ]
}