{
  "precision": [
    0.27407704654895665,
    0.4812554489973845,
    0.4820960698689956,
    0.48336252189141854,
    0.5555555555555556,
    1.0
  ],
  "recall": [
    1.0,
    0.808199121522694,
    0.808199121522694,
    0.808199121522694,
    0.007320644216691069,
    0.0
  ],
  "thresholds": [
    0.0,
    0.1,
    0.27,
    0.81,
    0.85
  ]
}