{
  "precision": [
    0.27407704654895665,
    0.5131698455949137,
    0.5292987512007685,
    0.5298076923076923,
    0.5300970873786408,
    0.5916167664670658,
    0.75,
    1.0,
    1.0
  ],
  "recall": [
    1.0,
    0.8272327964860908,
    0.8067349926793558,
    0.8067349926793558,
    0.7994143484626647,
    0.7232796486090776,
    0.013177159590043924,
    0.0014641288433382138,
    0.0
  ],
  "thresholds": [
    0.0,
    0.1,
    0.15,
    0.27,
    0.63,
    0.81,
    0.85,
    1.0
  ]
}