{
  "fpr": [
    0.0,
    0.0,
    0.001658374792703151,
    0.1885019347705915,
    0.267551133222775,
    0.2703150912106136,
    0.2708678828081813,
    0.2962962962962963,
    1.0
  ],
  "tpr": [
    0.0,
    0.0014641288433382138,
    0.013177159590043924,
    0.7232796486090776,
    0.7994143484626647,
    0.8067349926793558,
    0.8067349926793558,
    0.8272327964860908,
    1.0
  ],
  "thresholds": [
    Infinity,
    1.0,
    0.85,
    0.81,
    0.63,
    0.27,
    0.15,
    0.1,
    0.0
  ]
}