{
  "fpr": [
    0.0,
    0.002211166390270868,
    0.326147042564953,
    0.32780541735765617,
    0.3289110005527916,
    1.0
  ],
  "tpr": [
    0.0,
    0.007320644216691069,
    0.808199121522694,
    0.808199121522694,
    0.808199121522694,
    1.0
  ],
  "thresholds": [
    Infinity,
    0.85,
    0.81,
    0.27,
    0.1,
    0.0
  ]
}