{
  "fpr": [
    0.0,
    0.007739082365948038,
    0.05472636815920398,
    0.06246545052515202,
    0.2249861802100608,
    0.22609176340519624,
    0.23493642896627973,
    1.0
  ],
  "tpr": [
    0.0,
    0.021961932650073207,
    0.2562225475841874,
    0.28550512445095166,
    0.7598828696925329,
    0.7598828696925329,
    0.7628111273792094,
    1.0
  ],
  "thresholds": [
    Infinity,
    1.0,
    0.9,
    0.85,
    0.8,
    0.75,
    0.7,
    0.0
  ]
}