{
  "precision": [
    0.18668122270742357,
    0.5,
    0.5605095541401274,
    0.6051502145922747,
    0.6069868995633187,
    0.6086956521739131,
    0.6203208556149733,
    0.6236559139784946,
    0.5263157894736842,
    1.0
  ],
  "recall": [
    1.0,
    0.5292397660818714,
    0.5146198830409356,
    0.41228070175438597,
    0.4064327485380117,
    0.3684210526315789,
    0.3391812865497076,
    0.3391812865497076,
    0.08771929824561403,
    0.0
  ],
  "thresholds": [
    0.0,
    0.1,
    0.27,
    0.3,
    0.5,
    0.6,
    0.7,
    0.75,
    0.8
  ]
}