{
  "fpr": [
    0.0,
    0.017064846416382253,
    0.019795221843003412,
    0.025255972696245733,
    0.15631399317406144,
    0.15699658703071673,
    0.19044368600682593,
    1.0
  ],
  "tpr": [
    0.0,
    0.12078651685393259,
    0.15168539325842698,
    0.16573033707865167,
    0.6235955056179775,
    0.6264044943820225,
    0.6404494382022472,
    1.0
  ],
  "thresholds": [
    Infinity,
    0.8,
    0.75,
    0.5,
    0.27,
    0.2,
    0.1,
    0.0
  ]
}