{
  "fpr": [
    0.0,
    0.011750154607297465,
    0.030303030303030304,
    0.05256648113790971,
    0.05998763141620284,
    0.07854050711193568,
    0.10884353741496598,
    0.10946196660482375,
    0.11440940012368583,
    0.13481756338899195,
    1.0
  ],
  "tpr": [
    0.0,
    0.05393258426966292,
    0.19325842696629214,
    0.39775280898876403,
    0.4651685393258427,
    0.5213483146067416,
    0.5820224719101124,
    0.5842696629213483,
    0.5887640449438202,
    0.604494382022472,
    1.0
  ],
  "thresholds": [
    Infinity,
    0.9,
    0.85,
    0.8,
    0.75,
    0.7,
    0.6,
    0.5,
    0.3,
    0.1,
    0.0
  ]
}