{
  "precision": [
    0.27407704654895665,
    0.5233009708737864,
    0.5493827160493827,
    0.5500515995872033,
    0.6602316602316602,
    0.6681222707423581,
    0.6710526315789473,
    0.6736842105263158,
    1.0
  ],
  "recall": [
    1.0,
    0.7891654465592972,
    0.7818448023426061,
    0.780380673499268,
    0.25036603221083453,
    0.2240117130307467,
    0.2240117130307467,
    0.18740849194729137,
    0.0
  ],
  "thresholds": [
    0.0,
    0.1,
    0.2,
    0.27,
    0.5,
    0.6,
    0.75,
    0.8
  ]
}