{
  "precision": [
    0.27407704654895665,
    0.5741857659831122,
    0.6095979247730221,
    0.6531881804043546,
    0.6545741324921136,
    0.6678141135972461,
    0.6704119850187266,
    0.6716697936210131,
    0.6011904761904762,
    1.0
  ],
  "recall": [
    1.0,
    0.6969253294289898,
    0.6881405563689604,
    0.6149341142020498,
    0.6076134699853587,
    0.568081991215227,
    0.5241581259150805,
    0.5241581259150805,
    0.1478770131771596,
    0.0
  ],
  "thresholds": [
    0.0,
    0.1,
    0.27,
    0.3,
    0.5,
    0.6,
    0.7,
    0.75,
    0.8
  ]
}