{
  "fpr": [
    0.0,
    0.037037037037037035,
    0.09673852957435047,
    0.09729132117191819,
    0.10668877833056938,
    0.12106135986733002,
    0.12327252625760088,
    0.1663902708678828,
    0.1951354339414041,
    1.0
  ],
  "tpr": [
    0.0,
    0.1478770131771596,
    0.5241581259150805,
    0.5241581259150805,
    0.568081991215227,
    0.6076134699853587,
    0.6149341142020498,
    0.6881405563689604,
    0.6969253294289898,
    1.0
  ],
  "thresholds": [
    Infinity,
    0.8,
    0.75,
    0.7,
    0.6,
    0.5,
    0.3,
    0.27,
    0.1,
    0.0
  ]
}