{
  "fpr": [
    0.0,
    0.018120805369127517,
    0.04697986577181208,
    0.0476510067114094,
    0.05436241610738255,
    0.06040268456375839,
    0.06174496644295302,
    0.09261744966442953,
    0.12147651006711409,
    1.0
  ],
  "tpr": [
    0.0,
    0.08771929824561403,
    0.3391812865497076,
    0.3391812865497076,
    0.3684210526315789,
    0.4064327485380117,
    0.41228070175438597,
    0.5146198830409356,
    0.5292397660818714,
    1.0
  ],
  "thresholds": [
    Infinity,
    0.8,
    0.75,
    0.7,
    0.6,
    0.5,
    0.3,
    0.27,
    0.1,
    0.0
  ]
}