{
  "fpr": [
    0.0,
    0.03427307904919845,
    0.04145936981757877,
    0.04201216141514649,
    0.048645660585959094,
    0.2410171365395246,
    0.24212271973466004,
    0.271420674405749,
    1.0
  ],
  "tpr": [
    0.0,
    0.18740849194729137,
    0.2240117130307467,
    0.2240117130307467,
    0.25036603221083453,
    0.780380673499268,
    0.7818448023426061,
    0.7891654465592972,
    1.0
  ],
  "thresholds": [
    Infinity,
    0.8,
    0.75,
    0.6,
    0.5,
    0.27,
    0.2,
    0.1,
    0.0
  ]
}