{
  "precision": [
    0.19549697968149368,
    0.44970414201183434,
    0.4922737306843267,
    0.49223946784922396,
    0.6145833333333334,
    0.6506024096385542,
    0.6323529411764706,
    1.0
  ],
  "recall": [
    1.0,
    0.6404494382022472,
    0.6264044943820225,
    0.6235955056179775,
    0.16573033707865167,
    0.15168539325842698,
    0.12078651685393259,
    0.0
  ],
  "thresholds": [
    0.0,
    0.1,
    0.2,
    0.27,
    0.5,
    0.75,
    0.8
  ]
}