{
  "precision": [
    0.27407704654895665,
    0.5507399577167019,
    0.5592672413793104,
    0.5604751619870411,
    0.6331168831168831,
    0.6386861313868614,
    0.5172413793103449,
    1.0
  ],
  "recall": [
    1.0,
    0.7628111273792094,
    0.7598828696925329,
    0.7598828696925329,
    0.28550512445095166,
    0.2562225475841874,
    0.021961932650073207,
    0.0
  ],
  "thresholds": [
    0.0,
    0.7,
    0.75,
    0.8,
    0.85,
    0.9,
    1.0
  ]
}