{
  "fpr": [
    0.0,
    0.007155635062611807,
    0.044722719141323794,
    0.04949314251639833,
    0.1771019677996422,
    0.17829457364341086,
    0.18485390578413835,
    1.0
  ],
  "tpr": [
    0.0,
    0.024299065420560748,
    0.2336448598130841,
    0.2542056074766355,
    0.697196261682243,
    0.697196261682243,
    0.7009345794392523,
    1.0
  ],
  "thresholds": [
    Infinity,
    1.0,
    0.9,
    0.85,
    0.8,
    0.75,
    0.7,
    0.0
  ]
}