{
  "precision": [
    0.27407704654895665,
    0.5807600950118765,
    0.6012578616352201,
    0.6007556675062973,
    0.6074168797953964,
    0.6066838046272494,
    0.6480117820324006,
    0.6757215619694398,
    0.6632443531827515,
    0.6487804878048781,
    0.6101694915254238,
    1.0
  ],
  "recall": [
    1.0,
    0.7159590043923866,
    0.6998535871156661,
    0.698389458272328,
    0.6954612005856515,
    0.6910688140556369,
    0.6442166910688141,
    0.582723279648609,
    0.47291361639824303,
    0.19472913616398244,
    0.0527086383601757,
    0.0
  ],
  "thresholds": [
    0.0,
    0.1,
    0.27,
    0.3,
    0.5,
    0.6,
    0.7,
    0.75,
    0.8,
    0.85,
    0.9
  ]
}