{
  "precision": [
    0.2418625678119349,
    0.5474452554744526,
    0.5550595238095238,
    0.5567164179104478,
    0.6210045662100456,
    0.625,
    0.52,
    1.0
  ],
  "recall": [
    1.0,
    0.7009345794392523,
    0.697196261682243,
    0.697196261682243,
    0.2542056074766355,
    0.2336448598130841,
    0.024299065420560748,
    0.0
  ],
  "thresholds": [
    0.0,
    0.7,
    0.75,
    0.8,
    0.85,
    0.9,
    1.0
  ]
}