{
  "fpr": [
    0.0,
    0.01271420674405749,
    0.03980099502487562,
    0.09065782200110559,
    0.10558319513543395,
    0.13211719181868437,
    0.1691542288557214,
    0.16970702045328911,
    0.1752349364289663,
    0.1752349364289663,
    0.1951354339414041,
    1.0
  ],
  "tpr": [
    0.0,
    0.0527086383601757,
    0.19472913616398244,
    0.47291361639824303,
    0.582723279648609,
    0.6442166910688141,
    0.6910688140556369,
    0.6954612005856515,
    0.698389458272328,
    0.6998535871156661,
    0.7159590043923866,
    1.0
  ],
  "thresholds": [
    Infinity,
    0.9,
    0.85,
    0.8,
    0.75,
    0.7,
    0.6,
    0.5,
    0.3,
    0.27,
    0.1,
    0.0
  ]
}