{
  "precision": [
    0.21580989330746847,
    0.5523613963039015,
    0.5861297539149888,
    0.5949656750572082,
    0.5954022988505747,
    0.6462395543175488,
    0.680921052631579,
    0.6755725190839694,
    0.6370370370370371,
    0.5581395348837209,
    1.0
  ],
  "recall": [
    1.0,
    0.604494382022472,
    0.5887640449438202,
    0.5842696629213483,
    0.5820224719101124,
    0.5213483146067416,
    0.4651685393258427,
    0.39775280898876403,
    0.19325842696629214,
    0.05393258426966292,
    0.0
  ],
  "thresholds": [
    0.0,
    0.1,
    0.3,
    0.5,
    0.6,
    0.7,
    0.75,
    0.8,
    0.85,
    0.9
  ]
}