{
  "fpr": [
    0.0,
    0.03427307904919845,
    0.04809286898839138,
    0.050304035378662244,
    0.2283029297954671,
    0.27860696517412936,
    0.2885572139303483,
    0.3101160862354892,
    0.3322277501381979,
    1.0
  ],
  "tpr": [
    0.0,
    0.1273792093704246,
    0.212298682284041,
    0.21815519765739386,
    0.7452415812591509,
    0.7935578330893118,
    0.7994143484626647,
    0.8199121522693997,
    0.8272327964860908,
    1.0
  ],
  "thresholds": [
    Infinity,
    1.0,
    0.95,
    0.85,
    0.81,
    0.63,
    0.27,
    0.15,
    0.1,
    0.0
  ]
}