{
  "precision": [
    0.27407704654895665,
    0.48456260720411665,
    0.49955396966993754,
    0.5112359550561798,
    0.5181644359464627,
    0.5520607375271149,
    0.6208333333333333,
    0.625,
    0.5838926174496645,
    1.0
  ],
  "recall": [
    1.0,
    0.8272327964860908,
    0.8199121522693997,
    0.7994143484626647,
    0.7935578330893118,
    0.7452415812591509,
    0.21815519765739386,
    0.212298682284041,
    0.1273792093704246,
    0.0
  ],
  "thresholds": [
    0.0,
    0.1,
    0.15,
    0.27,
    0.63,
    0.81,
    0.85,
    0.95,
    1.0
  ]
}