{
  "precision": [
    0.27437550362610796,
    0.40851238538387846,
    0.5290156466627055,
    0.5291319857312723,
    0.5318765036086608,
    0.5332795482049213,
    0.5338315491819834,
    0.5370791158851477,
    0.6522556390977443,
    0.6403339755940912,
    1.0
  ],
  "recall": [
    1.0,
    0.8766519823788547,
    0.7844346549192364,
    0.7841409691629956,
    0.7791483113069017,
    0.7765051395007342,
    0.7762114537444934,
    0.7635829662261381,
    0.6114537444933921,
    0.2928046989720999,
    0.0
  ],
  "thresholds": [
    0.0,
    0.1,
    0.6,
    0.63,
    0.65,
    0.75,
    0.81,
    0.85,
    0.95,
    1.0
  ]
}