{
  "fpr": [
    0.0,
    0.06218767351471405,
    0.12326485285952249,
    0.24886174347584675,
    0.25630205441421433,
    0.2569683509161577,
    0.25930038867295946,
    0.26385341476957247,
    0.2640755136035536,
    0.4799555802332038,
    1.0
  ],
  "tpr": [
    0.0,
    0.2928046989720999,
    0.6114537444933921,
    0.7635829662261381,
    0.7762114537444934,
    0.7765051395007342,
    0.7791483113069017,
    0.7841409691629956,
    0.7844346549192364,
    0.8766519823788547,
    1.0
  ],
  "thresholds": [
    Infinity,
    1.0,
    0.95,
    0.85,
    0.81,
    0.75,
    0.65,
    0.63,
    0.6,
    0.1,
    0.0
  ]
}